ma,vol_target,band,cagr,sharpe,max_dd,in_mkt,dsr,sr_expected_max_luck
50,0.08,0.05,0.043371449726458344,0.7286188934836658,-0.1179191126346465,0.4856687898089172,0.9359383925540536,0.014893105213576249
50,0.08,0.15,0.04215904840167317,0.699796832183356,-0.12250843153621493,0.48128980891719747,0.9233915412149223,0.014893105213576249
50,0.08,0.3,0.051317452519684226,0.7979780122570866,-0.10122124889074557,0.5330414012738853,0.9573984854764923,0.014893105213576249
50,0.1,0.05,0.048685332906297285,0.6812390552711357,-0.14473138814085318,0.4856687898089172,0.9152061929958419,0.014893105213576249
50,0.1,0.15,0.04912941120991943,0.6762685850811424,-0.1532035464233482,0.482484076433121,0.9130374578049791,0.014893105213576249
50,0.1,0.3,0.0556606451596795,0.7264522621234758,-0.12719071615340338,0.5298566878980892,0.9337399655058802,0.014893105213576249
50,0.12,0.05,0.05185509736469829,0.6390022560186146,-0.1666270305416131,0.4856687898089172,0.8926518150856471,0.014893105213576249
50,0.12,0.15,0.053562434296620776,0.6622379177793122,-0.17518525314317157,0.4856687898089172,0.906407355822785,0.014893105213576249
50,0.12,0.3,0.050625677826743765,0.6088341718099264,-0.15424910106672474,0.5298566878980892,0.8751211954121094,0.014893105213576249
50,0.16,0.05,0.0551026946709563,0.5959939503282995,-0.19333218063174407,0.4856687898089172,0.8653262291012351,0.014893105213576249
50,0.16,0.15,0.057248424358537164,0.6122912121562648,-0.19339739142333,0.4856687898089172,0.8758887870050035,0.014893105213576249
50,0.16,0.3,0.061384992902890456,0.6355230819195389,-0.18876921363533516,0.48128980891719747,0.88784218824699,0.014893105213576249
50,0.2,0.05,0.05672839857781797,0.5754600029518702,-0.19382759144420092,0.4856687898089172,0.8496893194554384,0.014893105213576249
50,0.2,0.15,0.055386278253115595,0.5603443436747035,-0.1944246055546417,0.4856687898089172,0.8387385071808897,0.014893105213576249
50,0.2,0.3,0.05750606567646188,0.5727046991223188,-0.188615322144559,0.482484076433121,0.8477433730016632,0.014893105213576249
50,0.3,0.05,0.05714787167965474,0.549306119154677,-0.1918869201077018,0.4856687898089172,0.8308495682001449,0.014893105213576249
50,0.3,0.15,0.058046278865891754,0.5547057140656647,-0.1918869201077017,0.4856687898089172,0.8350095777751021,0.014893105213576249
50,0.3,0.3,0.058975587379536565,0.5634609296017595,-0.18857292758614141,0.4856687898089172,0.84139452993471,0.014893105213576249
100,0.08,0.05,0.04733440556809665,0.7761171175098531,-0.12926008278457402,0.5617038216560509,0.9522409992250109,0.014893105213576249
100,0.08,0.15,0.045826005330487085,0.7411979939082771,-0.13450507539292356,0.5537420382165605,0.9401006684642341,0.014893105213576249
100,0.08,0.3,0.058231112792007655,0.8858248339805299,-0.13031230753530143,0.6122611464968153,0.9765162535251992,0.014893105213576249
100,0.1,0.05,0.053939352287791564,0.734481205589567,-0.1568703563914876,0.5617038216560509,0.937803743071625,0.014893105213576249
100,0.1,0.15,0.054055351482148684,0.7237599855483924,-0.16746192479931987,0.5549363057324841,0.9339041715358594,0.014893105213576249
100,0.1,0.3,0.06389314558479908,0.8063754385475316,-0.16135212475648653,0.6027070063694268,0.9596084872048612,0.014893105213576249
100,0.12,0.05,0.056915854107699726,0.6825665831945614,-0.1831861211192849,0.5617038216560509,0.9152864358458471,0.014893105213576249
100,0.12,0.15,0.05794586659691259,0.6974109473680747,-0.19350308444745445,0.5617038216560509,0.9232211515775091,0.014893105213576249
100,0.12,0.3,0.061155151661291374,0.7008051286736964,-0.18649402641024493,0.6007165605095541,0.9233663387624764,0.014893105213576249
100,0.16,0.05,0.06126196717132526,0.6430405755373712,-0.2100787584388678,0.5617038216560509,0.8939240206074617,0.014893105213576249
100,0.16,0.15,0.06327343127551921,0.6571450335880892,-0.21014261544198098,0.5617038216560509,0.9016643260789674,0.014893105213576249
100,0.16,0.3,0.06559014089815784,0.6670735209683581,-0.1927456519325922,0.5537420382165605,0.9054214015396128,0.014893105213576249
100,0.2,0.05,0.0627259098823163,0.6174774327261072,-0.21025865994366122,0.5617038216560509,0.8774228955824541,0.014893105213576249
100,0.2,0.15,0.061553646534451945,0.6041529687695774,-0.2108435059624637,0.5617038216560509,0.8690162743821677,0.014893105213576249
100,0.2,0.3,0.06154318365530598,0.59615109888844,-0.2051526249345913,0.5549363057324841,0.8639751053416034,0.014893105213576249
100,0.3,0.05,0.06123542343456534,0.57154849134854,-0.20835754255781613,0.5617038216560509,0.8474525392206249,0.014893105213576249
100,0.3,0.15,0.062406140482947015,0.579164663587315,-0.20835754255781613,0.5617038216560509,0.8528816415343496,0.014893105213576249
100,0.3,0.3,0.0633392783721114,0.587724280200902,-0.20511109444431241,0.5617038216560509,0.8586589495957604,0.014893105213576249
150,0.08,0.05,0.049942176289481166,0.8203629233364275,-0.13025638500229508,0.5640923566878981,0.9641354177838509,0.014893105213576249
150,0.08,0.15,0.047523452988530446,0.769775882834957,-0.13521665813168593,0.5569267515923567,0.9496936665000107,0.014893105213576249
150,0.08,0.3,0.05739920250376351,0.8736832501460844,-0.1324195246912031,0.6035031847133758,0.974222434235145,0.014893105213576249
150,0.1,0.05,0.05645660417015064,0.7695112953154729,-0.15870402161171338,0.5640923566878981,0.9497391238433335,0.014893105213576249
150,0.1,0.15,0.05635257453733922,0.754539877246005,-0.16909509627132502,0.5569267515923567,0.9450594516207252,0.014893105213576249
150,0.1,0.3,0.06967291498379047,0.8767010150616796,-0.14841352529078777,0.6042993630573248,0.9747720072170916,0.014893105213576249
150,0.12,0.05,0.05939115655457439,0.7116463489383889,-0.1840892753884612,0.5640923566878981,0.9280775926756764,0.014893105213576249
150,0.12,0.15,0.060313404443386176,0.7250490230441327,-0.19487107116705593,0.5640923566878981,0.9346251226832691,0.014893105213576249
150,0.12,0.3,0.06391780493622456,0.7315887882834344,-0.1876283735794223,0.5999203821656051,0.9358077859012757,0.014893105213576249
150,0.16,0.05,0.06355923526657947,0.6655720173478364,-0.21241063577463737,0.5640923566878981,0.9057736759444972,0.014893105213576249
150,0.16,0.15,0.06566578827481684,0.6804061829614817,-0.21247430426946767,0.5640923566878981,0.9132036936819996,0.014893105213576249
150,0.16,0.3,0.06629308773068687,0.6732193922643437,-0.19327501305083206,0.5569267515923567,0.9084784582956411,0.014893105213576249
150,0.2,0.05,0.06497112233030267,0.6374745835005636,-0.21289432965388555,0.5640923566878981,0.8890613377020251,0.014893105213576249
150,0.2,0.15,0.06390997173541502,0.6250677633951274,-0.213477223817242,0.5640923566878981,0.8817656379944494,0.014893105213576249
150,0.2,0.3,0.06324274332660451,0.6102015593271112,-0.2078053354417565,0.5569267515923567,0.8729206588627108,0.014893105213576249
150,0.3,0.05,0.06351787076875137,0.5898206789013721,-0.21099955702581719,0.5640923566878981,0.8599933290564596,0.014893105213576249
150,0.3,0.15,0.06469108840151172,0.5973587455528256,-0.2109995570258162,0.5640923566878981,0.8650616416407324,0.014893105213576249
150,0.3,0.3,0.06562623321759076,0.6059518520815784,-0.20776394355465133,0.5640923566878981,0.8705111247687076,0.014893105213576249
200,0.08,0.05,0.050210173907111466,0.8271231348852861,-0.14638228007259202,0.5581210191082803,0.9656723837353502,0.014893105213576249
200,0.08,0.15,0.04841554239162904,0.7861598834694105,-0.1512505848993405,0.554140127388535,0.9545547565130171,0.014893105213576249
200,0.08,0.3,0.056933424548273104,0.8691315448485405,-0.14644113514355894,0.5883757961783439,0.9733728734339413,0.014893105213576249
200,0.1,0.05,0.05695729814053352,0.7783016619506823,-0.1758671835059905,0.5581210191082803,0.9523767288693186,0.014893105213576249
200,0.1,0.15,0.05666283210185963,0.7603476645903768,-0.18647666780828087,0.5509554140127388,0.9469450582968908,0.014893105213576249
200,0.1,0.3,0.07012309209701151,0.8841382494749174,-0.16619471350219406,0.5955414012738853,0.9760083657041436,0.014893105213576249
200,0.12,0.05,0.05972309566684353,0.7169870308988421,-0.2020085022919218,0.5581210191082803,0.930208902401124,0.014893105213576249
200,0.12,0.15,0.060599994987249994,0.7299467956429697,-0.2128911879427019,0.5581210191082803,0.9364623835382471,0.014893105213576249
200,0.12,0.3,0.06163953095702257,0.7161181049834074,-0.19320163176684346,0.5967356687898089,0.9301512428116177,0.014893105213576249
200,0.16,0.05,0.06368091461525438,0.6677454663824849,-0.22925885598189288,0.5581210191082803,0.9068230633246943,0.014893105213576249
200,0.16,0.15,0.06578769757413672,0.6825770409816556,-0.22932116247150547,0.5581210191082803,0.9141886863517688,0.014893105213576249
200,0.16,0.3,0.066881749311688,0.6737789656318138,-0.22526017984059732,0.554140127388535,0.9083953446569589,0.014893105213576249
200,0.2,0.05,0.0650717621799588,0.6391359803497348,-0.22909056258616411,0.5581210191082803,0.889951343301421,0.014893105213576249
200,0.2,0.15,0.06401051130626167,0.626695018413154,-0.22966146256627207,0.5581210191082803,0.8826795299444337,0.014893105213576249
200,0.2,0.3,0.06334318781588988,0.6117611101120268,-0.22410628434643431,0.5509554140127388,0.8738479056158963,0.014893105213576249
200,0.3,0.05,0.06335237196142551,0.5889141763257079,-0.22723477859709895,0.5581210191082803,0.8593629417272068,0.014893105213576249
200,0.3,0.15,0.06452540702450471,0.5964606047996808,-0.22723477859709784,0.5581210191082803,0.8644521241990681,0.014893105213576249
200,0.3,0.3,0.0654604063184856,0.6050608340496785,-0.22406574417806135,0.5581210191082803,0.8699227698145826,0.014893105213576249
250,0.08,0.05,0.0463808037482627,0.7784787506413668,-0.13921169860742189,0.5429936305732485,0.9526299524975754,0.014893105213576249
250,0.08,0.15,0.04460864545094356,0.7395156434673122,-0.14412089829324537,0.5386146496815286,0.9390905884674756,0.014893105213576249
250,0.08,0.3,0.056853754127326184,0.87911462250264,-0.13912842964345318,0.5752388535031847,0.9751428617006072,0.014893105213576249
250,0.1,0.05,0.05271707610312748,0.7331251268214865,-0.1675261311739441,0.5429936305732485,0.936975263466265,0.014893105213576249
250,0.1,0.15,0.05255886681781319,0.7179384190416264,-0.17824299411959132,0.535828025477707,0.9313178464780625,0.014893105213576249
250,0.1,0.3,0.06633451964540482,0.8495603622834864,-0.1586490223350594,0.5804140127388535,0.9694096230890134,0.014893105213576249
250,0.12,0.05,0.055858785486672335,0.6806828932511252,-0.19305728001390454,0.5429936305732485,0.9141190644167242,0.014893105213576249
250,0.12,0.15,0.05655050358599034,0.6916650338583687,-0.2040620388177451,0.5429936305732485,0.9204468862407873,0.014893105213576249
250,0.12,0.3,0.05800304417431956,0.6834514897170928,-0.18415162114851147,0.5812101910828026,0.9157427977522651,0.014893105213576249
250,0.16,0.05,0.05974079665204535,0.6346643598694144,-0.22048815879378936,0.5429936305732485,0.8890059007205452,0.014893105213576249
250,0.16,0.15,0.061839775603854674,0.6498456765950127,-0.22055117430400883,0.5429936305732485,0.8975817827251331,0.014893105213576249
250,0.16,0.3,0.06348894030744612,0.64705495354813,-0.21644397946655303,0.5386146496815286,0.8944687920302291,0.014893105213576249
250,0.2,0.05,0.06102307132042584,0.6070125156354435,-0.22005030961238348,0.5429936305732485,0.8707502353751349,0.014893105213576249
250,0.2,0.15,0.05996585461312476,0.5946673957763636,-0.22062790438696656,0.5429936305732485,0.8626791479378029,0.014893105213576249
250,0.2,0.3,0.0593010678405701,0.5801518489792887,-0.21500758204774784,0.535828025477707,0.8530892560678837,0.014893105213576249
250,0.3,0.05,0.059049296628329584,0.556279844684996,-0.21817276333073987,0.5429936305732485,0.8362458253877085,0.014893105213576249
250,0.3,0.15,0.06021758476237715,0.5639883010554281,-0.21817276333074176,0.5429936305732485,0.8420038509821577,0.014893105213576249
250,0.3,0.3,0.06114880038830628,0.5725712138039635,-0.21496656647544377,0.5429936305732485,0.8480886667132064,0.014893105213576249
300,0.08,0.05,0.049490524997535035,0.8314653960775045,-0.13925914795846062,0.5314490445859873,0.9664082175579769,0.014893105213576249
300,0.08,0.15,0.0479008556803302,0.7945202831567549,-0.14367510987197407,0.5262738853503185,0.9565580983301994,0.014893105213576249
300,0.08,0.3,0.06018455629467856,0.9314117063157822,-0.13868004087277375,0.5628980891719745,0.9828460980107294,0.014893105213576249
300,0.1,0.05,0.05639868528175973,0.783688594000627,-0.16715879103849673,0.5314490445859873,0.9537036408373483,0.014893105213576249
300,0.1,0.15,0.05623992269986644,0.7673463637200869,-0.17788038294205244,0.5242834394904459,0.9489498781806214,0.014893105213576249
300,0.1,0.3,0.07022631220845432,0.8988610952054441,-0.15827776505760371,0.5680732484076433,0.9781732606241446,0.014893105213576249
300,0.12,0.05,0.059835448209834,0.7272527353474838,-0.19264884273281324,0.5314490445859873,0.9340154237366376,0.014893105213576249
300,0.12,0.15,0.060529771515092534,0.7385524000467223,-0.20365917163928415,0.5314490445859873,0.9394680133150186,0.014893105213576249
300,0.12,0.3,0.062181548239470086,0.7305063202531703,-0.1837386762326132,0.5688694267515924,0.9355677205117436,0.014893105213576249
300,0.16,0.05,0.06368668114545062,0.6737052070149864,-0.22007349812881893,0.5314490445859873,0.9095466909095649,0.014893105213576249
300,0.16,0.15,0.06579347552582893,0.6885781023004718,-0.22013654716008657,0.5314490445859873,0.9167647186480574,0.014893105213576249
300,0.16,0.3,0.06770890829164111,0.6869096409433245,-0.21602716750380946,0.5262738853503185,0.9143745824557338,0.014893105213576249
300,0.2,0.05,0.06490831347645076,0.6423652729557097,-0.21963541603391223,0.5314490445859873,0.8915146010403984,0.014893105213576249
300,0.2,0.15,0.06384722546509392,0.6297618337528397,-0.22021331805954691,0.5314490445859873,0.8842340904329451,0.014893105213576249
300,0.2,0.3,0.06318000438393367,0.6145510460172533,-0.21459000599461076,0.5242834394904459,0.8753469961208915,0.014893105213576249
300,0.3,0.05,0.06280501084840595,0.5878784520715475,-0.21775687099311347,0.5314490445859873,0.858491990311135,0.014893105213576249
300,0.3,0.15,0.06397744209115719,0.5954658831249919,-0.21775687099311336,0.5314490445859873,0.8636274817838319,0.014893105213576249
300,0.3,0.3,0.06491196009383016,0.604135460203649,-0.21454896860410877,0.5314490445859873,0.8691575310258695,0.014893105213576249
